Job Role,Skills
Data Scientist,"Python, Machine Learning, SQL, Data Visualization"
Software Engineer,"Java, Python, Git, Agile"
UX Designer,"Figma, Adobe XD, Wireframing, Prototyping"
Cybersecurity Analyst,"Network Security, Ethical Hacking, SIEM, Incident Response"
Cloud Engineer,"AWS, Azure, Docker, Kubernetes"
Data Engineer,"SQL, ETL, Big Data, Apache Spark"
DevOps Engineer,"CI/CD, Jenkins, Kubernetes, Terraform"
AI Engineer,"Deep Learning, TensorFlow, PyTorch, NLP"
Business Analyst,"Data Analysis, SQL, Tableau, Requirement Gathering"
Product Manager,"Agile, Scrum, Market Research, Roadmap Planning"
Full Stack Developer,"React, Node.js, MongoDB, Express.js"
Blockchain Developer,"Solidity, Ethereum, Smart Contracts, Cryptography"
Registered Nurse,"Patient Care, Medical Records, IV Therapy, Critical Thinking"
Pharmacist,"Medication Management, Pharmaceutical Knowledge, Patient Counseling, Regulatory Compliance"
Medical Laboratory Technician,"Lab Testing, Microbiology, Specimen Analysis, Quality Control"
Healthcare Administrator,"Healthcare Management, Budgeting, Compliance, Electronic Health Records"
Financial Analyst,"Financial Modeling, Excel, Risk Analysis, Forecasting"
Accountant,"Bookkeeping, Tax Preparation, GAAP, Financial Statements"
Investment Banker,"Mergers & Acquisitions, Valuation, Portfolio Management, Financial Regulations"
Digital Marketer,"SEO, Google Ads, Social Media Marketing, Content Strategy"
Sales Manager,"Customer Relationship Management, Lead Generation, Negotiation, Sales Forecasting"
Public Relations Specialist,"Media Relations, Crisis Communication, Press Releases, Event Planning"
Teacher,"Curriculum Planning, Classroom Management, Lesson Delivery, Assessment Techniques"
Academic Researcher,"Data Collection, Qualitative Analysis, Report Writing, Grant Writing"
Mechanical Engineer,"CAD, Thermodynamics, Product Design, Material Science"
Civil Engineer,"Structural Analysis, AutoCAD, Project Management, Geotechnical Engineering"
Electrical Engineer,"Circuit Design, Power Systems, Microcontrollers, Renewable Energy"
Lawyer,"Legal Research, Contract Law, Litigation, Client Counseling"
Compliance Officer,"Regulatory Compliance, Risk Assessment, Internal Auditing, Ethics"
Hotel Manager,"Hospitality Management, Customer Service, Event Coordination, Budgeting"
Travel Consultant,"Itinerary Planning, Customer Relations, Tourism Marketing, Visa Processing"
Supply Chain Manager,"Inventory Management, Logistics Planning, Vendor Negotiation, Demand Forecasting"
Logistics Coordinator,"Freight Management, Warehousing, Order Processing, Supply Chain Optimization"
AI Researcher,"Deep Learning, TensorFlow, PyTorch, NLP, Research"
DevOps Engineer,"CI/CD, Docker, Kubernetes, Terraform, AWS"
Frontend Developer,"React, JavaScript, CSS, HTML, Redux"
Backend Developer,"Node.js, Django, REST API, SQL, Microservices"
Mobile App Developer,"Flutter, Swift, Kotlin, React Native, Firebase"
Blockchain Developer,"Ethereum, Solidity, Hyperledger, Smart Contracts"
Game Developer,"Unity, Unreal Engine, C#, Game Physics, 3D Modeling"
Embedded Systems Engineer,"C, C++, RTOS, Microcontrollers, IoT"
IT Support Specialist,"Technical Support, Networking, Troubleshooting, Windows, Linux"
Database Administrator,"SQL, PostgreSQL, MongoDB, Database Optimization"
Business Analyst,"Data Analysis, Stakeholder Management, Excel, SQL, Reporting"
Marketing Specialist,"SEO, Google Analytics, Content Marketing, Brand Management"
Finance Analyst,"Financial Modeling, Excel, Risk Analysis, Forecasting"
Mechanical Engineer,"AutoCAD, SolidWorks, Finite Element Analysis, Thermodynamics"
Civil Engineer,"Structural Design, AutoCAD, Surveying, Construction Management"
Doctor,"Medicine, Patient Care, Surgery, Diagnosis, Medical Ethics"
Nurse,"Patient Care, Pharmacology, Medical Procedures, Healthcare"
Pharmacist,"Pharmacy, Medication, Drug Interactions, Healthcare Counseling"
Mechanical Engineer,"CAD, SolidWorks, Thermodynamics, Finite Element Analysis"
Electrical Engineer,"Circuit Design, Embedded Systems, Power Systems, MATLAB"
Civil Engineer,"Structural Design, AutoCAD, Construction Management, Surveying"
Architect,"AutoCAD, Building Codes, Structural Design, Project Management"
Teacher,"Curriculum Development, Lesson Planning, Classroom Management, Education"
Professor,"Academic Research, Teaching, Student Advising, Lecturing"
Police Officer,"Law Enforcement, Investigation, Crime Prevention, Public Safety"
Firefighter,"Fire Suppression, Rescue Operations, Emergency Response"
Lawyer,"Legal Research, Litigation, Contract Law, Corporate Law"
Judge,"Legal Knowledge, Decision Making, Courtroom Management"
Journalist,"Writing, Editing, Investigative Journalism, Interviewing"
Accountant,"Financial Analysis, Taxation, Bookkeeping, Auditing"
Banker,"Financial Services, Investment Strategies, Risk Management, Customer Service"
Economist,"Economic Research, Statistical Analysis, Market Trends, Data Analysis"
Retail Manager,"Sales Management, Customer Service, Inventory Control, Team Leadership"
Chef,"Cooking, Food Safety, Menu Planning, Culinary Arts"
Waiter,"Customer Service, Order Taking, Food Handling, Cash Handling"
Artist,"Painting, Sketching, Creativity, Art History"
Musician,"Music Composition, Instrument Playing, Live Performance, Music Theory"
Actor,"Acting, Stage Performance, Improvisation, Script Reading"
Pilot,"Aviation, Navigation, Flight Safety, Air Traffic Control"
Flight Attendant,"Customer Service, Emergency Procedures, Communication Skills"
Marine Biologist,"Oceanography, Field Research, Marine Conservation, Data Collection"
Astronomer,"Astrophysics, Telescope Operation, Space Research, Mathematical Modeling"
Mathematician,"Theoretical Math, Statistics, Data Science, Algorithm Development"
Psychologist,"Clinical Psychology, Therapy, Cognitive Science, Behavioral Analysis"
Social Worker,"Case Management, Counseling, Advocacy, Community Outreach"
Entrepreneur,"Business Development, Risk Management, Marketing, Networking"
Event Planner,"Event Coordination, Logistics, Budgeting, Public Relations"
Photographer,"Photography, Editing, Lighting, Composition"
Videographer,"Video Editing, Cinematography, Production Planning, Storytelling"
Zoologist,"Animal Research, Ecology, Conservation Biology, Fieldwork"
Librarian,"Cataloging, Research Assistance, Information Management, Library Science"
Data Analyst,"SQL, Data Visualization, Statistics, Excel"
AI Engineer,"Machine Learning, Deep Learning, Neural Networks, Computer Vision"
Game Designer,"Game Mechanics, Storyboarding, Level Design, Graphics"
UI/UX Designer,"Figma, User Research, Prototyping, Interaction Design"
Content Writer,"SEO Writing, Editing, Copywriting, Content Strategy"
HR Manager,"Recruitment, Employee Relations, Performance Management, HR Policies"
Retail Manager,"National account management,Business development,Powerful negotiator,Revenue production,Sales forecasting and analytics,Relationship cultivation"
Marketing Manager,"SEO, SEM, Marketing Strategy, Analytics, Budgeting"
Digital Marketing Specialist,"Google Ads, SEO, Email Marketing, Social Media, Analytics"
Brand Manager,"Brand Strategy, Market Research, Campaign Management, Communication"
Content Strategist,"Content Creation, SEO, Editorial Planning, Analytics, CMS"
Social Media Manager,"Social Media Strategy, Content Creation, Analytics, Scheduling Tools, Engagement"
Email Marketing Manager,"Email Campaigns, A/B Testing, CRM, Copywriting, Analytics"
Performance Marketing Manager,"PPC, Google Ads, Facebook Ads, Conversion Optimization, ROAS Analysis"
Growth Marketer,"Growth Hacking, Funnel Optimization, Data Analysis, Paid Media, A/B Testing"
Product Marketing Manager,"Product Positioning, Market Research, Sales Enablement, Messaging, Go-To-Market Strategy"
Marketing Analyst,"Data Analysis, SQL, Excel, Tableau, Market Research"
SEO Specialist,"Keyword Research, On-Page SEO, Off-Page SEO, Google Search Console, Analytics"
